hpo_id1,hpo_term1,hpo_id2,hpo_term2,inverse_verified_by_llm_openai,inverse_verified_by_llm_aws,inverse_verified_by_llm_deepseek,inverse_verified_by_llm_together,inverse_verified_by_llm_google,inverse_verified_by_llm_xai
HP:0000053,Macroorchidism,HP:0008734,Decreased testicular size,yes,yes,no,yes,yes,yes
HP:0000253,Progressive microcephaly,HP:0040194,Increased head circumference,yes,no,no,no,no,yes
HP:0000331,Short chin,HP:0400000,Tall chin,yes,no,no,yes,yes,yes
HP:0000391,Thickened helices,HP:0009905,Thin ear helix,yes,yes,no,yes,yes,yes
HP:0000568,Microphthalmia,HP:0001090,Abnormally large globe,yes,yes,no,yes,yes,yes
HP:0000592,Blue sclerae,HP:0030823,Scleral thickening,no,no,no,no,no,yes
HP:0000837,Increased circulating gonadotropin level,HP:0030344,Decreased circulating luteinizing hormone level,no,yes,no,no,no,no
HP:0000837,Increased circulating gonadotropin level,HP:0030349,Decreased circulating androgen concentration,no,no,yes,no,no,no
HP:0000837,Increased circulating gonadotropin level,HP:0040171,Decreased serum testosterone concentration,no,yes,no,no,no,no
HP:0000842,Hyperinsulinemia,HP:0001943,Hypoglycemia,no,yes,no,no,no,no
HP:0000842,Hyperinsulinemia,HP:0001988,Recurrent hypoglycemia,no,yes,no,no,no,no
HP:0000848,Increased circulating renin concentration,HP:0004319,Decreased circulating aldosterone concentration,no,yes,no,no,no,no
HP:0000848,Increased circulating renin concentration,HP:0012279,Hyposerinemia,yes,no,no,yes,no,yes
HP:0000848,Increased circulating renin concentration,HP:0500136,Hypothreoninemia,no,no,no,yes,no,no
HP:0000859,Increased circulating aldosterone concentration,HP:0002900,Hypokalemia,no,yes,no,no,no,no
HP:0000859,Increased circulating aldosterone concentration,HP:0003351,Decreased circulating renin concentration,no,yes,no,no,no,no
HP:0000859,Increased circulating aldosterone concentration,HP:0012279,Hyposerinemia,no,no,no,yes,no,yes
HP:0000938,Osteopenia,HP:0005789,Generalized osteosclerosis,yes,no,no,yes,no,yes
HP:0000938,Osteopenia,HP:0011001,Increased bone mineral density,yes,yes,no,yes,yes,yes
HP:0000938,Osteopenia,HP:0011002,Osteopetrosis,yes,yes,yes,no,no,yes
HP:0000954,Single transverse palmar crease,HP:0006114,Multiple palmar creases,yes,no,no,no,no,yes
HP:0000977,Soft skin,HP:0030053,Stiff skin,yes,yes,no,yes,yes,yes
HP:0001090,Abnormally large globe,HP:0007633,Bilateral microphthalmos,yes,no,no,yes,yes,yes
HP:0001376,Limitation of joint mobility,HP:0001382,Joint hypermobility,yes,yes,no,yes,yes,yes
HP:0001376,Limitation of joint mobility,HP:0006094,Finger joint hypermobility,yes,no,no,no,yes,yes
HP:0001376,Limitation of joint mobility,HP:0010510,Hypermobility of toe joints,yes,no,no,no,no,yes
HP:0001513,Obesity,HP:0001824,Weight loss,yes,yes,no,no,yes,no
HP:0001805,Onychogryphosis,HP:0001816,Thin nail,yes,no,no,yes,no,yes
HP:0001824,Weight loss,HP:0004324,Increased body weight,yes,yes,no,yes,yes,yes
HP:0001849,Foot oligodactyly,HP:0010112,Mesoaxial foot polydactyly,no,no,no,no,no,yes
HP:0001849,Foot oligodactyly,HP:0010328,Polydactyly affecting the 2nd toe,yes,no,yes,no,no,yes
HP:0001849,Foot oligodactyly,HP:0010334,Polydactyly affecting the 3rd toe,yes,no,no,no,no,yes
HP:0001849,Foot oligodactyly,HP:0010340,Polydactyly affecting the 4th toe,yes,no,no,no,no,yes
HP:0001880,Eosinophilia,HP:0001882,Leukopenia,no,yes,no,no,no,no
HP:0001880,Eosinophilia,HP:0001913,Granulocytopenia,no,yes,no,no,no,no
HP:0001882,Leukopenia,HP:0100827,Lymphocytosis,yes,no,no,no,no,no
HP:0001888,Lymphopenia,HP:0001974,Leukocytosis,no,no,no,yes,no,no
HP:0001900,Increased circulating hemoglobin concentration,HP:0005510,Transient erythroblastopenia,no,no,no,no,no,yes
HP:0001913,Granulocytopenia,HP:0001974,Leukocytosis,no,yes,no,yes,no,no
HP:0001987,Hyperammonemia,HP:0031969,Reduced blood urea nitrogen,no,no,yes,no,no,no
HP:0001987,Hyperammonemia,HP:0500147,Hypoglutaminemia,no,no,no,yes,no,no
HP:0001987,Hyperammonemia,HP:0500163,Hypoornithinemia,no,yes,no,no,no,no
HP:0001988,Recurrent hypoglycemia,HP:0040302,Hyperglycerolemia,no,no,no,no,no,yes
HP:0002000,Short columella,HP:0009765,Low hanging columella,no,no,no,yes,no,no
HP:0002092,Pulmonary arterial hypertension,HP:0002615,Hypotension,yes,no,no,no,no,no
HP:0002152,Hyperproteinemia,HP:0003073,Hypoalbuminemia,no,yes,no,no,no,no
HP:0002152,Hyperproteinemia,HP:0004315,Decreased circulating IgG concentration,no,yes,no,no,no,no
HP:0002152,Hyperproteinemia,HP:0010837,Decreased circulating ceruloplasmin concentration,no,yes,no,no,no,no
HP:0002152,Hyperproteinemia,HP:0500132,Hypovalinemia,no,yes,no,no,no,no
HP:0002152,Hyperproteinemia,HP:0500154,Hypoalaninemia,no,yes,no,no,no,no
HP:0002153,Hyperkalemia,HP:0004319,Decreased circulating aldosterone concentration,no,yes,no,no,no,no
HP:0002155,Hypertriglyceridemia,HP:0003233,Decreased HDL cholesterol concentration,no,yes,no,no,no,no
HP:0002155,Hypertriglyceridemia,HP:0031243,Decreased VLDL cholesterol concentration,no,no,no,yes,no,yes
HP:0002155,Hypertriglyceridemia,HP:0031794,Decreased circulating glycerol level,no,yes,no,no,no,no
HP:0002155,Hypertriglyceridemia,HP:0045014,Hypolipidemia,no,yes,no,no,no,no
HP:0002157,Azotemia,HP:0012101,Decreased serum creatinine,no,yes,no,no,no,yes
HP:0002157,Azotemia,HP:0031969,Reduced blood urea nitrogen,yes,yes,no,yes,yes,yes
HP:0002157,Azotemia,HP:0100493,Hypoammonemia,no,no,no,yes,no,no
HP:0002157,Azotemia,HP:0500152,Hypocystinemia,no,no,no,yes,no,no
HP:0002160,Hyperhomocystinemia,HP:0500152,Hypocystinemia,no,yes,no,yes,no,yes
HP:0002161,Hyperlysinemia,HP:0500150,Hypoglutamatemia,no,no,no,yes,no,no
HP:0002912,Methylmalonic acidemia,HP:0012417,Hypocapnia,no,no,no,no,no,yes
HP:0002912,Methylmalonic acidemia,HP:0020222,Hypohomocysteinemia,no,no,no,yes,no,no
HP:0002913,Myoglobinuria,HP:0410318,Decreased urinary 3-methylhistidine,no,no,no,no,no,yes
HP:0002920,Decreased circulating ACTH concentration,HP:0003118,Increased circulating cortisol level,no,yes,no,no,no,no
HP:0002922,Increased CSF protein concentration,HP:0500198,Decreased CSF glutamine concentration,no,yes,no,no,no,no
HP:0002922,Increased CSF protein concentration,HP:0500204,Decreased CSF arginine concentration,no,yes,no,no,no,no
HP:0002927,Histidinuria,HP:0410314,Decreased urinary 1-methylhistidine,no,no,no,yes,no,no
HP:0002927,Histidinuria,HP:0410318,Decreased urinary 3-methylhistidine,no,no,no,yes,no,no
HP:0002945,Intervertebral space narrowing,HP:0030320,Increased intervertebral space,yes,yes,no,yes,yes,yes
HP:0003072,Hypercalcemia,HP:0012053,Decreased circulating calcifediol concentration,no,yes,no,no,no,no
HP:0003074,Hyperglycemia,HP:0012277,Hypoglycinemia,no,no,no,yes,no,yes
HP:0003074,Hyperglycemia,HP:0040216,Hypoinsulinemia,no,yes,no,no,no,no
HP:0003075,Hypoproteinemia,HP:0012117,Hyperalbuminemia,no,no,no,yes,no,no
HP:0003077,Hyperlipidemia,HP:0003146,Hypocholesterolemia,yes,yes,yes,yes,no,no
HP:0003077,Hyperlipidemia,HP:0003233,Decreased HDL cholesterol concentration,yes,yes,no,no,no,no
HP:0003077,Hyperlipidemia,HP:0003563,Decreased LDL cholesterol concentration,yes,no,no,yes,no,yes
HP:0003077,Hyperlipidemia,HP:0012153,Hypotriglyceridemia,yes,yes,yes,no,no,no
HP:0003077,Hyperlipidemia,HP:0031242,Decreased circulating chylomicron concentration,yes,no,no,no,no,no
HP:0003077,Hyperlipidemia,HP:0031243,Decreased VLDL cholesterol concentration,yes,yes,no,no,no,no
HP:0003077,Hyperlipidemia,HP:0040216,Hypoinsulinemia,no,yes,no,no,no,no
HP:0003077,Hyperlipidemia,HP:0500154,Hypoalaninemia,no,yes,no,no,no,no
HP:0003118,Increased circulating cortisol level,HP:0012279,Hyposerinemia,no,no,no,yes,no,yes
HP:0003118,Increased circulating cortisol level,HP:0030689,Decreased glucagon level,no,yes,no,no,no,no
HP:0003118,Increased circulating cortisol level,HP:0032363,Decreased circulating corticosterone level,no,yes,no,no,no,no
HP:0003118,Increased circulating cortisol level,HP:0500152,Hypocystinemia,no,no,no,yes,no,no
HP:0003124,Hypercholesterolemia,HP:0003233,Decreased HDL cholesterol concentration,yes,yes,no,no,no,no
HP:0003124,Hypercholesterolemia,HP:0003563,Decreased LDL cholesterol concentration,yes,yes,no,yes,yes,yes
HP:0003124,Hypercholesterolemia,HP:0010981,Hypolipoproteinemia,no,no,no,yes,no,no
HP:0003124,Hypercholesterolemia,HP:0031243,Decreased VLDL cholesterol concentration,yes,no,no,no,no,no
HP:0003124,Hypercholesterolemia,HP:0045014,Hypolipidemia,yes,yes,no,no,yes,yes
HP:0003131,Cystinuria,HP:0003359,Decreased urinary sulfate,no,yes,no,no,no,no
HP:0003138,Increased blood urea nitrogen,HP:0012101,Decreased serum creatinine,no,no,no,yes,no,no
HP:0003138,Increased blood urea nitrogen,HP:0500152,Hypocystinemia,no,no,no,yes,no,no
HP:0003141,Increased LDL cholesterol concentration,HP:0003146,Hypocholesterolemia,yes,yes,no,no,yes,yes
HP:0003141,Increased LDL cholesterol concentration,HP:0003233,Decreased HDL cholesterol concentration,no,yes,no,no,no,no
HP:0003141,Increased LDL cholesterol concentration,HP:0010981,Hypolipoproteinemia,yes,yes,no,yes,no,yes
HP:0003141,Increased LDL cholesterol concentration,HP:0012279,Hyposerinemia,no,no,no,yes,no,no
HP:0003141,Increased LDL cholesterol concentration,HP:0045014,Hypolipidemia,yes,yes,no,no,yes,no
HP:0003141,Increased LDL cholesterol concentration,HP:0500142,Hypolysinemia,no,no,no,no,no,yes
HP:0003153,Cystathioninuria,HP:0003359,Decreased urinary sulfate,no,no,no,yes,no,no
HP:0003154,Increased circulating ACTH level,HP:0008163,Decreased circulating cortisol level,no,yes,no,no,no,no
HP:0003154,Increased circulating ACTH level,HP:0012279,Hyposerinemia,no,no,no,yes,no,no
HP:0003154,Increased circulating ACTH level,HP:0031891,Decreased eosinophil count,no,no,no,yes,no,no
HP:0003154,Increased circulating ACTH level,HP:0032363,Decreased circulating corticosterone level,no,yes,no,no,no,no
HP:0003154,Increased circulating ACTH level,HP:0500152,Hypocystinemia,no,no,no,yes,no,no
HP:0003166,Increased urinary taurine,HP:0012601,Hypochloriduria,no,no,no,yes,no,no
HP:0003167,Carnosinuria,HP:0410314,Decreased urinary 1-methylhistidine,no,yes,no,no,no,no
HP:0003212,Increased circulating IgE concentration,HP:0004315,Decreased circulating IgG concentration,no,yes,no,no,no,no
HP:0003212,Increased circulating IgE concentration,HP:0012279,Hyposerinemia,no,no,no,yes,no,no
HP:0003215,Dicarboxylic aciduria,HP:0012403,Decreased urine alpha-ketoglutarate concentration,no,no,no,yes,no,no
HP:0003217,Hyperglutaminemia,HP:0012277,Hypoglycinemia,no,no,no,yes,no,no
HP:0003217,Hyperglutaminemia,HP:0020222,Hypohomocysteinemia,no,no,no,yes,no,no
HP:0003217,Hyperglutaminemia,HP:0034870,Reduced circulating urocanic acid concentration,no,no,no,yes,no,no
HP:0003217,Hyperglutaminemia,HP:0100493,Hypoammonemia,no,no,no,yes,no,no
HP:0003217,Hyperglutaminemia,HP:0500150,Hypoglutamatemia,yes,yes,no,yes,no,no
HP:0003217,Hyperglutaminemia,HP:0500157,Hypoasparaginemia,no,no,no,yes,no,no
HP:0003231,Hypertyrosinemia,HP:0012279,Hyposerinemia,yes,no,no,no,no,no
HP:0003233,Decreased HDL cholesterol concentration,HP:0003362,Increased VLDL cholesterol concentration,no,yes,no,no,no,no
HP:0003234,Decreased circulating carnitine concentration,HP:0045045,Elevated circulating acylcarnitine concentration,no,yes,no,no,no,no
HP:0003237,Increased circulating IgG concentration,HP:0004313,Decreased circulating antibody concentration,no,yes,no,yes,yes,no
HP:0003237,Increased circulating IgG concentration,HP:0500142,Hypolysinemia,no,no,no,no,no,yes
HP:0003260,Hydroxyprolinemia,HP:0500139,Hypoprolinemia,yes,yes,no,no,no,no
HP:0003260,Hydroxyprolinemia,HP:0500140,Decreased circulating hydroxyproline concentration,yes,yes,no,yes,yes,yes
HP:0003261,Increased circulating IgA concentration,HP:0004315,Decreased circulating IgG concentration,no,yes,no,no,no,no
HP:0003281,Increased circulating ferritin concentration,HP:0040303,Decreased circulating iron concentration,no,yes,no,no,no,no
HP:0003286,Cystathioninemia,HP:0003658,Hypomethioninemia,no,yes,no,no,no,no
HP:0003286,Cystathioninemia,HP:0020222,Hypohomocysteinemia,no,no,no,yes,no,no
HP:0003286,Cystathioninemia,HP:0500152,Hypocystinemia,yes,yes,no,yes,no,no
HP:0003297,Hyperlysinuria,HP:0410314,Decreased urinary 1-methylhistidine,yes,no,no,no,no,no
HP:0003345,Elevated urinary norepinephrine level,HP:0045012,Decreased urinary catecholamine concentration,no,no,no,yes,no,no
HP:0003348,Hyperalaninemia,HP:0500150,Hypoglutamatemia,no,no,no,yes,no,no
HP:0003351,Decreased circulating renin concentration,HP:0500138,Hyperserinemia,no,no,no,yes,no,no
HP:0003355,Aminoaciduria,HP:0012604,Hyponatriuria,no,no,no,yes,no,no
HP:0003362,Increased VLDL cholesterol concentration,HP:0010981,Hypolipoproteinemia,yes,no,no,yes,no,no
HP:0003362,Increased VLDL cholesterol concentration,HP:0012153,Hypotriglyceridemia,yes,no,no,yes,yes,yes
HP:0003362,Increased VLDL cholesterol concentration,HP:0045014,Hypolipidemia,yes,yes,no,no,no,yes
HP:0003429,CNS hypomyelination,HP:0030173,Peripheral hypermyelination,no,yes,no,no,no,no
HP:0003452,Increased circulating iron concentration,HP:0012343,Decreased circulating ferritin concentration,no,yes,no,no,no,no
HP:0003455,Elevated circulating long chain fatty acid concentration,HP:0010981,Hypolipoproteinemia,no,no,no,no,no,yes
HP:0003455,Elevated circulating long chain fatty acid concentration,HP:0045014,Hypolipidemia,no,no,no,no,yes,yes
HP:0003455,Elevated circulating long chain fatty acid concentration,HP:0500142,Hypolysinemia,no,no,no,no,no,yes
HP:0003496,Increased circulating IgM level,HP:0004313,Decreased circulating antibody concentration,yes,no,no,no,no,no
HP:0003496,Increased circulating IgM level,HP:0500142,Hypolysinemia,no,no,no,no,no,yes
HP:0003527,Hyperprostaglandinuria,HP:0012601,Hypochloriduria,no,no,no,yes,no,no
HP:0003528,Elevated circulating calcitonin concentration,HP:0500136,Hypothreoninemia,no,no,no,yes,no,no
HP:0003528,Elevated circulating calcitonin concentration,HP:0500152,Hypocystinemia,no,no,no,yes,no,no
HP:0003537,Hypouricemia,HP:0004368,Increased circulating purine concentration,no,yes,no,no,no,no
HP:0003538,Increased iduronate sulfatase level,HP:0012279,Hyposerinemia,no,no,no,yes,no,no
HP:0003538,Increased iduronate sulfatase level,HP:0410343,Decreased circulating heparan sulfate level,no,yes,no,no,no,no
HP:0003538,Increased iduronate sulfatase level,HP:0500142,Hypolysinemia,no,no,no,no,no,yes
HP:0003563,Decreased LDL cholesterol concentration,HP:0010980,Hyperlipoproteinemia,no,no,no,no,no,yes
HP:0003639,Elevated urinary epinephrine level,HP:0045012,Decreased urinary catecholamine concentration,no,no,no,yes,no,no
HP:0003646,Bicarbonaturia,HP:0045011,Decreased urine bicarbonate concentration,yes,yes,no,yes,yes,yes
HP:0003658,Hypomethioninemia,HP:0034617,Elevated circulating S-adenosyl methionine concentration,no,yes,no,no,no,no
HP:0003658,Hypomethioninemia,HP:0034731,Elevated circulating S-adenosyl-L-methionine concentration,no,yes,no,no,no,no
HP:0003758,Reduced subcutaneous adipose tissue,HP:0009003,Increased subcutaneous truncal adipose tissue,yes,yes,no,yes,no,no
HP:0003844,Small epiphyses of the upper limbs,HP:0010580,Enlarged epiphyses,yes,yes,no,yes,yes,yes
HP:0003844,Small epiphyses of the upper limbs,HP:0100103,Enlarged epiphysis of the distal phalanx of the 2nd toe,no,no,no,yes,no,no
HP:0003844,Small epiphyses of the upper limbs,HP:0100114,Enlarged epiphysis of the middle phalanx of the 2nd toe,no,no,no,yes,no,no
HP:0003844,Small epiphyses of the upper limbs,HP:0100125,Enlarged epiphysis of the proximal phalanx of the 2nd toe,no,no,no,yes,no,no
HP:0003844,Small epiphyses of the upper limbs,HP:0100149,Enlarged epiphysis of the middle phalanx of the 3rd toe,no,no,no,yes,no,no
HP:0003844,Small epiphyses of the upper limbs,HP:0100160,Enlarged epiphysis of the proximal phalanx of the 3rd toe,no,no,no,yes,no,no
HP:0003844,Small epiphyses of the upper limbs,HP:0100172,Enlarged epiphysis of the distal phalanx of the 4th toe,no,no,no,yes,no,no
HP:0003844,Small epiphyses of the upper limbs,HP:0100183,Enlarged epiphysis of the middle phalanx of the 4th toe,no,no,no,yes,no,no
HP:0003844,Small epiphyses of the upper limbs,HP:0100194,Enlarged epiphysis of the proximal phalanx of the 4th toe,no,no,no,yes,no,no
HP:0004315,Decreased circulating IgG concentration,HP:0010702,Increased circulating antibody concentration,yes,yes,no,yes,no,no
HP:0004324,Increased body weight,HP:0004326,Cachexia,yes,yes,no,yes,yes,yes
HP:0004349,Reduced bone mineral density,HP:0005789,Generalized osteosclerosis,yes,no,no,yes,yes,yes
HP:0004349,Reduced bone mineral density,HP:0011002,Osteopetrosis,yes,no,no,yes,no,yes
HP:0004368,Increased circulating purine concentration,HP:0012279,Hyposerinemia,no,no,no,no,no,yes
HP:0004925,Chronic lactic acidosis,HP:0012417,Hypocapnia,no,no,no,no,no,yes
HP:0004925,Chronic lactic acidosis,HP:0500154,Hypoalaninemia,no,yes,no,no,no,no
HP:0005019,Diaphyseal undertubulation,HP:0006470,Thin long bone diaphyses,yes,yes,yes,no,yes,yes
HP:0005479,Decreased circulating IgE concentration,HP:0500138,Hyperserinemia,no,no,no,yes,no,yes
HP:0005961,Hypoargininemia,HP:0034741,Elevated circulating homoarginine concentration,no,no,no,yes,no,no
HP:0005995,Decreased adipose tissue around neck,HP:0009126,Increased adipose tissue,no,no,no,yes,no,no
HP:0006462,Generalized bone demineralization,HP:0011001,Increased bone mineral density,yes,yes,no,yes,yes,yes
HP:0006462,Generalized bone demineralization,HP:0011002,Osteopetrosis,yes,no,no,yes,yes,yes
HP:0007182,Peripheral hypomyelination,HP:0012754,CNS hypermyelination,no,yes,no,no,no,no
HP:0008155,Mucopolysacchariduria,HP:0012365,Hypophosphaturia,no,no,no,yes,no,no
HP:0008155,Mucopolysacchariduria,HP:0012604,Hyponatriuria,no,no,no,yes,no,no
HP:0008155,Mucopolysacchariduria,HP:0410060,Decreased level of D-mannose in urine,yes,no,no,no,no,no
HP:0008247,Euthyroid hyperthyroxinemia,HP:0500133,Hypotyrosinemia,no,no,no,yes,no,no
HP:0008247,Euthyroid hyperthyroxinemia,HP:0500136,Hypothreoninemia,no,no,no,yes,no,no
HP:0008358,Hyperprolinemia,HP:0500140,Decreased circulating hydroxyproline concentration,no,yes,no,no,yes,no
HP:0008401,Onychogryphosis of toenails,HP:0012746,Thin toenail,yes,no,no,yes,no,yes
HP:0008687,Hypoplasia of the prostate,HP:0008711,Benign prostatic hyperplasia,yes,yes,no,yes,no,yes
HP:0009058,Increased muscle lipid content,HP:0012270,Decreased muscle glycogen content,no,yes,no,no,no,no
HP:0009147,Enlarged epiphysis of the distal phalanx of the 5th finger,HP:0009390,Small epiphyses of the 5th finger,no,yes,yes,yes,yes,yes
HP:0009147,Enlarged epiphysis of the distal phalanx of the 5th finger,HP:0009401,Small epiphyses of the 4th finger,no,no,no,no,no,yes
HP:0009147,Enlarged epiphysis of the distal phalanx of the 5th finger,HP:0010236,Small epiphyses of the phalanges of the hand,no,yes,no,no,no,yes
HP:0009147,Enlarged epiphysis of the distal phalanx of the 5th finger,HP:0010254,Small epiphyses of the distal phalanges of the hand,no,yes,no,no,no,no
HP:0009148,Small epiphysis of the distal phalanx of the 5th finger,HP:0009385,Enlarged epiphyses of the 5th finger,yes,yes,no,yes,yes,yes
HP:0009148,Small epiphysis of the distal phalanx of the 5th finger,HP:0010231,Enlarged epiphyses of the phalanges of the hand,yes,no,no,yes,no,no
HP:0009148,Small epiphysis of the distal phalanx of the 5th finger,HP:0010249,Enlarged epiphyses of the distal phalanges of the hand,yes,no,no,yes,no,yes
HP:0009158,Enlarged epiphysis of the proximal phalanx of the 5th finger,HP:0009390,Small epiphyses of the 5th finger,no,yes,yes,yes,yes,yes
HP:0009158,Enlarged epiphysis of the proximal phalanx of the 5th finger,HP:0010236,Small epiphyses of the phalanges of the hand,no,yes,no,no,no,yes
HP:0009158,Enlarged epiphysis of the proximal phalanx of the 5th finger,HP:0010276,Small epiphyses of the proximal phalanges of the hand,no,yes,no,no,no,yes
HP:0009159,Small epiphysis of the proximal phalanx of the 5th finger,HP:0009385,Enlarged epiphyses of the 5th finger,yes,yes,no,yes,yes,yes
HP:0009159,Small epiphysis of the proximal phalanx of the 5th finger,HP:0010231,Enlarged epiphyses of the phalanges of the hand,yes,no,no,yes,no,no
HP:0009159,Small epiphysis of the proximal phalanx of the 5th finger,HP:0010271,Enlarged epiphyses of the proximal phalanges of the hand,yes,no,no,yes,no,yes
HP:0009194,Small epiphyses of the metacarpals,HP:0010580,Enlarged epiphyses,yes,yes,no,yes,yes,yes
HP:0009194,Small epiphyses of the metacarpals,HP:0100114,Enlarged epiphysis of the middle phalanx of the 2nd toe,no,no,no,yes,no,no
HP:0009194,Small epiphyses of the metacarpals,HP:0100125,Enlarged epiphysis of the proximal phalanx of the 2nd toe,no,no,no,yes,no,no
HP:0009194,Small epiphyses of the metacarpals,HP:0100138,Enlarged epiphysis of the distal phalanx of the 3rd toe,no,no,no,yes,no,no
HP:0009194,Small epiphyses of the metacarpals,HP:0100149,Enlarged epiphysis of the middle phalanx of the 3rd toe,no,no,no,yes,no,no
HP:0009194,Small epiphyses of the metacarpals,HP:0100160,Enlarged epiphysis of the proximal phalanx of the 3rd toe,no,no,no,yes,no,no
HP:0009194,Small epiphyses of the metacarpals,HP:0100183,Enlarged epiphysis of the middle phalanx of the 4th toe,no,no,no,yes,no,no
HP:0009194,Small epiphyses of the metacarpals,HP:0100194,Enlarged epiphysis of the proximal phalanx of the 4th toe,no,no,no,yes,no,no
HP:0009206,Enlarged epiphysis of the middle phalanx of the 5th finger,HP:0009390,Small epiphyses of the 5th finger,no,yes,no,yes,yes,yes
HP:0009206,Enlarged epiphysis of the middle phalanx of the 5th finger,HP:0010236,Small epiphyses of the phalanges of the hand,no,yes,no,no,no,no
HP:0009206,Enlarged epiphysis of the middle phalanx of the 5th finger,HP:0010265,Small epiphyses of the middle phalanges of the hand,no,yes,no,no,no,yes
HP:0009211,Small epiphysis of the middle phalanx of the 5th finger,HP:0009385,Enlarged epiphyses of the 5th finger,yes,yes,no,yes,yes,yes
HP:0009211,Small epiphysis of the middle phalanx of the 5th finger,HP:0010231,Enlarged epiphyses of the phalanges of the hand,yes,no,no,yes,no,yes
HP:0009211,Small epiphysis of the middle phalanx of the 5th finger,HP:0010260,Enlarged epiphyses of the middle phalanges of the hand,no,no,no,yes,no,yes
HP:0009217,Enlarged epiphysis of the middle phalanx of the 4th finger,HP:0009418,Small epiphyses of the 3rd finger,no,yes,no,no,no,no
HP:0009217,Enlarged epiphysis of the middle phalanx of the 4th finger,HP:0009496,Small epiphyses of the 2nd finger,no,yes,no,no,no,no
HP:0009217,Enlarged epiphysis of the middle phalanx of the 4th finger,HP:0010236,Small epiphyses of the phalanges of the hand,no,yes,no,no,no,yes
HP:0009217,Enlarged epiphysis of the middle phalanx of the 4th finger,HP:0010265,Small epiphyses of the middle phalanges of the hand,no,yes,no,no,no,yes
HP:0009222,Small epiphysis of the middle phalanx of the 4th finger,HP:0009396,Enlarged epiphyses of the 4th finger,yes,yes,no,yes,yes,no
HP:0009222,Small epiphysis of the middle phalanx of the 4th finger,HP:0010231,Enlarged epiphyses of the phalanges of the hand,yes,yes,no,yes,no,yes
HP:0009222,Small epiphysis of the middle phalanx of the 4th finger,HP:0010260,Enlarged epiphyses of the middle phalanges of the hand,no,no,no,yes,no,yes
HP:0009253,Enlarged epiphysis of the distal phalanx of the 4th finger,HP:0009401,Small epiphyses of the 4th finger,no,yes,yes,yes,yes,yes
HP:0009253,Enlarged epiphysis of the distal phalanx of the 4th finger,HP:0010236,Small epiphyses of the phalanges of the hand,no,yes,no,yes,no,no
HP:0009253,Enlarged epiphysis of the distal phalanx of the 4th finger,HP:0010254,Small epiphyses of the distal phalanges of the hand,yes,yes,no,yes,no,yes
HP:0009258,Small epiphysis of the distal phalanx of the 4th finger,HP:0009396,Enlarged epiphyses of the 4th finger,yes,yes,no,yes,yes,yes
HP:0009258,Small epiphysis of the distal phalanx of the 4th finger,HP:0009413,Enlarged epiphyses of the 3rd finger,no,yes,no,no,no,no
HP:0009258,Small epiphysis of the distal phalanx of the 4th finger,HP:0010231,Enlarged epiphyses of the phalanges of the hand,yes,no,no,yes,no,yes
HP:0009258,Small epiphysis of the distal phalanx of the 4th finger,HP:0010249,Enlarged epiphyses of the distal phalanges of the hand,yes,no,no,yes,no,yes
HP:0009264,Enlarged epiphysis of the proximal phalanx of the 4th finger,HP:0009390,Small epiphyses of the 5th finger,no,yes,no,no,no,no
HP:0009264,Enlarged epiphysis of the proximal phalanx of the 4th finger,HP:0009401,Small epiphyses of the 4th finger,no,yes,yes,yes,yes,yes
HP:0009264,Enlarged epiphysis of the proximal phalanx of the 4th finger,HP:0009496,Small epiphyses of the 2nd finger,no,yes,no,no,no,no
HP:0009264,Enlarged epiphysis of the proximal phalanx of the 4th finger,HP:0010236,Small epiphyses of the phalanges of the hand,yes,yes,no,no,no,yes
HP:0009264,Enlarged epiphysis of the proximal phalanx of the 4th finger,HP:0010276,Small epiphyses of the proximal phalanges of the hand,no,yes,no,yes,no,yes
HP:0009269,Small epiphysis of the proximal phalanx of the 4th finger,HP:0009396,Enlarged epiphyses of the 4th finger,yes,yes,no,yes,yes,yes
HP:0009269,Small epiphysis of the proximal phalanx of the 4th finger,HP:0009413,Enlarged epiphyses of the 3rd finger,no,yes,no,no,no,no
HP:0009269,Small epiphysis of the proximal phalanx of the 4th finger,HP:0010231,Enlarged epiphyses of the phalanges of the hand,yes,no,no,yes,no,no
HP:0009269,Small epiphysis of the proximal phalanx of the 4th finger,HP:0010271,Enlarged epiphyses of the proximal phalanges of the hand,yes,no,no,yes,no,yes
HP:0009324,Enlarged epiphysis of the middle phalanx of the 3rd finger,HP:0009401,Small epiphyses of the 4th finger,no,yes,no,no,no,no
HP:0009324,Enlarged epiphysis of the middle phalanx of the 3rd finger,HP:0009418,Small epiphyses of the 3rd finger,no,yes,yes,yes,yes,yes
HP:0009324,Enlarged epiphysis of the middle phalanx of the 3rd finger,HP:0010236,Small epiphyses of the phalanges of the hand,yes,yes,no,no,no,yes
HP:0009324,Enlarged epiphysis of the middle phalanx of the 3rd finger,HP:0010265,Small epiphyses of the middle phalanges of the hand,yes,yes,yes,no,no,yes
HP:0009329,Small epiphysis of the middle phalanx of the 3rd finger,HP:0009413,Enlarged epiphyses of the 3rd finger,yes,yes,no,yes,yes,yes
HP:0009329,Small epiphysis of the middle phalanx of the 3rd finger,HP:0010231,Enlarged epiphyses of the phalanges of the hand,yes,no,no,yes,no,yes
HP:0009329,Small epiphysis of the middle phalanx of the 3rd finger,HP:0010260,Enlarged epiphyses of the middle phalanges of the hand,yes,yes,no,yes,no,yes
HP:0009338,Enlarged epiphysis of the distal phalanx of the 3rd finger,HP:0009401,Small epiphyses of the 4th finger,no,no,no,no,no,yes
HP:0009338,Enlarged epiphysis of the distal phalanx of the 3rd finger,HP:0009418,Small epiphyses of the 3rd finger,no,yes,yes,yes,yes,yes
HP:0009338,Enlarged epiphysis of the distal phalanx of the 3rd finger,HP:0010236,Small epiphyses of the phalanges of the hand,no,yes,no,no,no,yes
HP:0009338,Enlarged epiphysis of the distal phalanx of the 3rd finger,HP:0010254,Small epiphyses of the distal phalanges of the hand,no,yes,no,yes,no,yes
HP:0009343,Small epiphysis of the distal phalanx of the 3rd finger,HP:0009396,Enlarged epiphyses of the 4th finger,no,yes,no,no,no,no
HP:0009343,Small epiphysis of the distal phalanx of the 3rd finger,HP:0009413,Enlarged epiphyses of the 3rd finger,yes,yes,no,yes,yes,yes
HP:0009343,Small epiphysis of the distal phalanx of the 3rd finger,HP:0010231,Enlarged epiphyses of the phalanges of the hand,yes,no,no,yes,no,yes
HP:0009343,Small epiphysis of the distal phalanx of the 3rd finger,HP:0010249,Enlarged epiphyses of the distal phalanges of the hand,yes,no,no,yes,no,no
HP:0009349,Enlarged epiphysis of the proximal phalanx of the 3rd finger,HP:0009418,Small epiphyses of the 3rd finger,no,yes,yes,yes,yes,yes
HP:0009349,Enlarged epiphysis of the proximal phalanx of the 3rd finger,HP:0009496,Small epiphyses of the 2nd finger,no,yes,no,no,no,no
HP:0009349,Enlarged epiphysis of the proximal phalanx of the 3rd finger,HP:0010236,Small epiphyses of the phalanges of the hand,yes,yes,no,no,no,no
HP:0009349,Enlarged epiphysis of the proximal phalanx of the 3rd finger,HP:0010276,Small epiphyses of the proximal phalanges of the hand,yes,yes,no,yes,no,yes
HP:0009354,Small epiphysis of the proximal phalanx of the 3rd finger,HP:0009396,Enlarged epiphyses of the 4th finger,no,yes,no,no,no,no
HP:0009354,Small epiphysis of the proximal phalanx of the 3rd finger,HP:0009413,Enlarged epiphyses of the 3rd finger,yes,yes,no,yes,yes,yes
HP:0009354,Small epiphysis of the proximal phalanx of the 3rd finger,HP:0010231,Enlarged epiphyses of the phalanges of the hand,yes,yes,no,yes,no,yes
HP:0009354,Small epiphysis of the proximal phalanx of the 3rd finger,HP:0010271,Enlarged epiphyses of the proximal phalanges of the hand,yes,no,no,yes,no,yes
HP:0009381,Short finger,HP:0100807,Long fingers,yes,yes,no,yes,yes,yes
HP:0009385,Enlarged epiphyses of the 5th finger,HP:0009401,Small epiphyses of the 4th finger,no,yes,no,no,no,no
HP:0009385,Enlarged epiphyses of the 5th finger,HP:0009418,Small epiphyses of the 3rd finger,no,yes,no,no,no,no
HP:0009385,Enlarged epiphyses of the 5th finger,HP:0009496,Small epiphyses of the 2nd finger,no,yes,no,no,no,no
HP:0009385,Enlarged epiphyses of the 5th finger,HP:0010236,Small epiphyses of the phalanges of the hand,yes,no,no,yes,no,no
HP:0009385,Enlarged epiphyses of the 5th finger,HP:0010254,Small epiphyses of the distal phalanges of the hand,no,no,no,no,no,yes
HP:0009390,Small epiphyses of the 5th finger,HP:0009413,Enlarged epiphyses of the 3rd finger,no,no,no,yes,no,no
HP:0009390,Small epiphyses of the 5th finger,HP:0009491,Enlarged epiphyses of the 2nd finger,no,no,no,yes,no,no
HP:0009390,Small epiphyses of the 5th finger,HP:0009505,Enlarged epiphysis of the distal phalanx of the 2nd finger,no,no,no,yes,no,no
HP:0009390,Small epiphyses of the 5th finger,HP:0010231,Enlarged epiphyses of the phalanges of the hand,yes,no,no,yes,no,yes
HP:0009390,Small epiphyses of the 5th finger,HP:0010249,Enlarged epiphyses of the distal phalanges of the hand,no,no,no,yes,no,yes
HP:0009390,Small epiphyses of the 5th finger,HP:0010271,Enlarged epiphyses of the proximal phalanges of the hand,no,no,no,no,no,yes
HP:0009396,Enlarged epiphyses of the 4th finger,HP:0009496,Small epiphyses of the 2nd finger,no,yes,no,no,no,no
HP:0009396,Enlarged epiphyses of the 4th finger,HP:0010236,Small epiphyses of the phalanges of the hand,no,no,no,yes,no,yes
HP:0009396,Enlarged epiphyses of the 4th finger,HP:0010254,Small epiphyses of the distal phalanges of the hand,no,no,no,no,no,yes
HP:0009396,Enlarged epiphyses of the 4th finger,HP:0010265,Small epiphyses of the middle phalanges of the hand,no,no,no,no,no,yes
HP:0009396,Enlarged epiphyses of the 4th finger,HP:0010276,Small epiphyses of the proximal phalanges of the hand,no,no,no,no,no,yes
HP:0009401,Small epiphyses of the 4th finger,HP:0009505,Enlarged epiphysis of the distal phalanx of the 2nd finger,no,no,no,yes,no,no
HP:0009401,Small epiphyses of the 4th finger,HP:0009527,Enlarged epiphysis of the proximal phalanx of the 2nd finger,no,no,no,yes,no,no
HP:0009401,Small epiphyses of the 4th finger,HP:0010231,Enlarged epiphyses of the phalanges of the hand,yes,no,no,yes,no,yes
HP:0009401,Small epiphyses of the 4th finger,HP:0010249,Enlarged epiphyses of the distal phalanges of the hand,no,no,no,no,no,yes
HP:0009401,Small epiphyses of the 4th finger,HP:0010260,Enlarged epiphyses of the middle phalanges of the hand,no,no,no,yes,no,no
HP:0009401,Small epiphyses of the 4th finger,HP:0010271,Enlarged epiphyses of the proximal phalanges of the hand,no,no,no,no,no,yes
HP:0009413,Enlarged epiphyses of the 3rd finger,HP:0009496,Small epiphyses of the 2nd finger,no,yes,no,no,no,no
HP:0009413,Enlarged epiphyses of the 3rd finger,HP:0010236,Small epiphyses of the phalanges of the hand,no,no,no,yes,no,yes
HP:0009413,Enlarged epiphyses of the 3rd finger,HP:0010254,Small epiphyses of the distal phalanges of the hand,no,no,no,no,no,yes
HP:0009413,Enlarged epiphyses of the 3rd finger,HP:0010265,Small epiphyses of the middle phalanges of the hand,yes,no,no,no,no,yes
HP:0009418,Small epiphyses of the 3rd finger,HP:0009491,Enlarged epiphyses of the 2nd finger,no,yes,no,no,no,no
HP:0009418,Small epiphyses of the 3rd finger,HP:0010231,Enlarged epiphyses of the phalanges of the hand,yes,no,no,yes,yes,yes
HP:0009418,Small epiphyses of the 3rd finger,HP:0010249,Enlarged epiphyses of the distal phalanges of the hand,no,no,no,yes,no,yes
HP:0009418,Small epiphyses of the 3rd finger,HP:0010260,Enlarged epiphyses of the middle phalanges of the hand,yes,no,no,yes,yes,yes
HP:0009418,Small epiphyses of the 3rd finger,HP:0010271,Enlarged epiphyses of the proximal phalanges of the hand,no,no,no,yes,no,yes
HP:0009491,Enlarged epiphyses of the 2nd finger,HP:0009510,Small epiphysis of the distal phalanx of the 2nd finger,no,yes,yes,no,no,yes
HP:0009491,Enlarged epiphyses of the 2nd finger,HP:0009521,Small epiphysis of the middle phalanx of the 2nd finger,yes,yes,yes,yes,no,no
HP:0009491,Enlarged epiphyses of the 2nd finger,HP:0009532,Small epiphysis of the proximal phalanx of the 2nd finger,no,yes,yes,no,no,yes
HP:0009491,Enlarged epiphyses of the 2nd finger,HP:0010236,Small epiphyses of the phalanges of the hand,no,no,no,yes,no,no
HP:0009491,Enlarged epiphyses of the 2nd finger,HP:0010254,Small epiphyses of the distal phalanges of the hand,no,no,no,no,no,yes
HP:0009491,Enlarged epiphyses of the 2nd finger,HP:0010265,Small epiphyses of the middle phalanges of the hand,no,no,no,no,no,yes
HP:0009491,Enlarged epiphyses of the 2nd finger,HP:0010276,Small epiphyses of the proximal phalanges of the hand,no,no,no,no,no,yes
HP:0009496,Small epiphyses of the 2nd finger,HP:0009505,Enlarged epiphysis of the distal phalanx of the 2nd finger,no,no,yes,yes,no,yes
HP:0009496,Small epiphyses of the 2nd finger,HP:0009516,Enlarged epiphysis of the middle phalanx of the 2nd finger,yes,no,no,yes,no,yes
HP:0009496,Small epiphyses of the 2nd finger,HP:0009527,Enlarged epiphysis of the proximal phalanx of the 2nd finger,yes,yes,no,yes,no,yes
HP:0009496,Small epiphyses of the 2nd finger,HP:0010231,Enlarged epiphyses of the phalanges of the hand,yes,no,no,yes,yes,yes
HP:0009496,Small epiphyses of the 2nd finger,HP:0010249,Enlarged epiphyses of the distal phalanges of the hand,no,no,no,no,no,yes
HP:0009496,Small epiphyses of the 2nd finger,HP:0010260,Enlarged epiphyses of the middle phalanges of the hand,yes,no,no,yes,yes,yes
HP:0009496,Small epiphyses of the 2nd finger,HP:0010271,Enlarged epiphyses of the proximal phalanges of the hand,no,no,no,no,no,yes
HP:0009505,Enlarged epiphysis of the distal phalanx of the 2nd finger,HP:0010236,Small epiphyses of the phalanges of the hand,no,yes,no,no,no,no
HP:0009505,Enlarged epiphysis of the distal phalanx of the 2nd finger,HP:0010254,Small epiphyses of the distal phalanges of the hand,no,yes,no,yes,no,yes
HP:0009510,Small epiphysis of the distal phalanx of the 2nd finger,HP:0010231,Enlarged epiphyses of the phalanges of the hand,yes,no,no,yes,no,yes
HP:0009510,Small epiphysis of the distal phalanx of the 2nd finger,HP:0010249,Enlarged epiphyses of the distal phalanges of the hand,yes,no,no,yes,no,yes
HP:0009516,Enlarged epiphysis of the middle phalanx of the 2nd finger,HP:0010236,Small epiphyses of the phalanges of the hand,no,yes,no,no,no,no
HP:0009516,Enlarged epiphysis of the middle phalanx of the 2nd finger,HP:0010265,Small epiphyses of the middle phalanges of the hand,no,yes,no,no,no,yes
HP:0009521,Small epiphysis of the middle phalanx of the 2nd finger,HP:0010231,Enlarged epiphyses of the phalanges of the hand,yes,yes,no,yes,no,yes
HP:0009521,Small epiphysis of the middle phalanx of the 2nd finger,HP:0010260,Enlarged epiphyses of the middle phalanges of the hand,yes,yes,no,yes,no,yes
HP:0009527,Enlarged epiphysis of the proximal phalanx of the 2nd finger,HP:0010236,Small epiphyses of the phalanges of the hand,no,yes,no,no,no,yes
HP:0009527,Enlarged epiphysis of the proximal phalanx of the 2nd finger,HP:0010276,Small epiphyses of the proximal phalanges of the hand,no,yes,no,yes,no,yes
HP:0009532,Small epiphysis of the proximal phalanx of the 2nd finger,HP:0010231,Enlarged epiphyses of the phalanges of the hand,yes,no,no,yes,no,no
HP:0009532,Small epiphysis of the proximal phalanx of the 2nd finger,HP:0010271,Enlarged epiphyses of the proximal phalanges of the hand,yes,no,no,yes,no,yes
HP:0009667,Enlarged epiphysis of the proximal phalanx of the thumb,HP:0010236,Small epiphyses of the phalanges of the hand,no,yes,no,no,no,yes
HP:0009667,Enlarged epiphysis of the proximal phalanx of the thumb,HP:0010276,Small epiphyses of the proximal phalanges of the hand,no,yes,no,no,no,no
HP:0009672,Small epiphysis of the proximal phalanx of the thumb,HP:0009689,Enlarged thumb epiphysis,yes,yes,no,yes,yes,yes
HP:0009672,Small epiphysis of the proximal phalanx of the thumb,HP:0010231,Enlarged epiphyses of the phalanges of the hand,no,no,no,yes,no,yes
HP:0009672,Small epiphysis of the proximal phalanx of the thumb,HP:0010271,Enlarged epiphyses of the proximal phalanges of the hand,yes,no,no,yes,no,no
HP:0009678,Enlarged epiphysis of the distal phalanx of the thumb,HP:0010236,Small epiphyses of the phalanges of the hand,no,yes,no,no,no,yes
HP:0009678,Enlarged epiphysis of the distal phalanx of the thumb,HP:0010254,Small epiphyses of the distal phalanges of the hand,no,yes,no,no,no,no
HP:0009683,Small epiphysis of the distal phalanx of the thumb,HP:0009689,Enlarged thumb epiphysis,yes,yes,no,yes,yes,yes
HP:0009683,Small epiphysis of the distal phalanx of the thumb,HP:0010231,Enlarged epiphyses of the phalanges of the hand,no,no,no,yes,no,yes
HP:0009683,Small epiphysis of the distal phalanx of the thumb,HP:0010249,Enlarged epiphyses of the distal phalanges of the hand,yes,no,no,yes,no,no
HP:0009689,Enlarged thumb epiphysis,HP:0010236,Small epiphyses of the phalanges of the hand,no,no,no,no,no,yes
HP:0009689,Enlarged thumb epiphysis,HP:0010276,Small epiphyses of the proximal phalanges of the hand,no,yes,no,no,no,no
HP:0009694,Small thumb epiphysis,HP:0010231,Enlarged epiphyses of the phalanges of the hand,yes,no,no,yes,no,no
HP:0009694,Small thumb epiphysis,HP:0010249,Enlarged epiphyses of the distal phalanges of the hand,no,no,no,yes,no,no
HP:0009694,Small thumb epiphysis,HP:0010271,Enlarged epiphyses of the proximal phalanges of the hand,no,no,no,no,no,yes
HP:0009804,Tooth agenesis,HP:0011069,Supernumerary tooth,yes,no,yes,no,yes,yes
HP:0009932,Single naris,HP:0009934,Supernumerary naris,no,no,no,yes,yes,yes
HP:0010049,Short metacarpal,HP:0010493,Long metacarpals,yes,no,no,yes,yes,yes
HP:0010116,Enlarged epiphyses of the hallux,HP:0010135,Small epiphysis of the proximal phalanx of the hallux,no,yes,yes,no,yes,no
HP:0010116,Enlarged epiphyses of the hallux,HP:0010146,Small epiphysis of the distal phalanx of the hallux,no,yes,no,no,yes,no
HP:0010116,Enlarged epiphyses of the hallux,HP:0010170,Small epiphyses of the toes,no,yes,no,yes,no,no
HP:0010116,Enlarged epiphyses of the hallux,HP:0010585,Small epiphyses,no,yes,no,yes,no,no
HP:0010116,Enlarged epiphyses of the hallux,HP:0100052,Small epiphyses of the 2nd toe,no,yes,no,no,no,no
HP:0010116,Enlarged epiphyses of the hallux,HP:0100063,Small epiphyses of the 3rd toe,no,yes,no,no,no,no
HP:0010116,Enlarged epiphyses of the hallux,HP:0100074,Small epiphyses of the 4th toe,no,yes,no,no,no,no
HP:0010116,Enlarged epiphyses of the hallux,HP:0100085,Small epiphyses of the 5th toe,no,yes,no,no,no,no
HP:0010121,Small epiphyses of the hallux,HP:0010130,Enlarged epiphysis of the proximal phalanx of the hallux,no,yes,no,yes,yes,yes
HP:0010121,Small epiphyses of the hallux,HP:0010141,Enlarged epiphysis of the distal phalanx of the hallux,no,yes,no,yes,yes,yes
HP:0010121,Small epiphyses of the hallux,HP:0010165,Enlarged epiphyses of the toes,no,yes,no,yes,yes,no
HP:0010121,Small epiphyses of the hallux,HP:0010580,Enlarged epiphyses,yes,yes,no,yes,no,yes
HP:0010130,Enlarged epiphysis of the proximal phalanx of the hallux,HP:0010170,Small epiphyses of the toes,no,yes,no,no,no,no
HP:0010130,Enlarged epiphysis of the proximal phalanx of the hallux,HP:0010585,Small epiphyses,no,yes,no,yes,no,no
HP:0010135,Small epiphysis of the proximal phalanx of the hallux,HP:0010165,Enlarged epiphyses of the toes,no,no,no,no,no,yes
HP:0010135,Small epiphysis of the proximal phalanx of the hallux,HP:0010580,Enlarged epiphyses,no,no,no,yes,no,no
HP:0010141,Enlarged epiphysis of the distal phalanx of the hallux,HP:0010170,Small epiphyses of the toes,no,yes,no,no,no,no
HP:0010141,Enlarged epiphysis of the distal phalanx of the hallux,HP:0010585,Small epiphyses,no,yes,no,yes,no,no
HP:0010146,Small epiphysis of the distal phalanx of the hallux,HP:0010580,Enlarged epiphyses,yes,no,no,yes,no,no
HP:0010165,Enlarged epiphyses of the toes,HP:0100052,Small epiphyses of the 2nd toe,no,yes,no,no,no,no
HP:0010165,Enlarged epiphyses of the toes,HP:0100063,Small epiphyses of the 3rd toe,yes,yes,no,no,no,no
HP:0010165,Enlarged epiphyses of the toes,HP:0100074,Small epiphyses of the 4th toe,no,yes,no,no,no,no
HP:0010165,Enlarged epiphyses of the toes,HP:0100085,Small epiphyses of the 5th toe,no,yes,no,no,no,yes
HP:0010165,Enlarged epiphyses of the toes,HP:0100108,Small epiphysis of the distal phalanx of the 2nd toe,no,yes,no,no,no,no
HP:0010165,Enlarged epiphyses of the toes,HP:0100119,Small epiphysis of the middle phalanx of the 2nd toe,no,yes,no,no,no,no
HP:0010165,Enlarged epiphyses of the toes,HP:0100130,Small epiphysis of the proximal phalanx of the 2nd toe,no,yes,no,no,no,no
HP:0010165,Enlarged epiphyses of the toes,HP:0100143,Small epiphysis of the distal phalanx of the 3rd toe,no,yes,no,no,no,no
HP:0010165,Enlarged epiphyses of the toes,HP:0100154,Small epiphysis of the middle phalanx of the 3rd toe,no,yes,no,no,no,no
HP:0010165,Enlarged epiphyses of the toes,HP:0100165,Small epiphysis of the proximal phalanx of the 3rd toe,no,yes,no,no,no,no
HP:0010165,Enlarged epiphyses of the toes,HP:0100177,Small epiphysis of the distal phalanx of the 4th toe,no,yes,no,no,no,no
HP:0010165,Enlarged epiphyses of the toes,HP:0100188,Small epiphysis of the middle phalanx of the 4th toe,no,yes,no,no,no,no
HP:0010165,Enlarged epiphyses of the toes,HP:0100199,Small epiphysis of the proximal phalanx of the 4th toe,no,yes,no,no,no,yes
HP:0010165,Enlarged epiphyses of the toes,HP:0100210,Small epiphysis of the distal phalanx of the 5th toe,no,yes,no,no,no,no
HP:0010165,Enlarged epiphyses of the toes,HP:0100221,Small epiphysis of the middle phalanx of the 5th toe,no,yes,no,no,no,no
HP:0010165,Enlarged epiphyses of the toes,HP:0100232,Small epiphysis of the proximal phalanx of the 5th toe,no,yes,no,no,no,no
HP:0010170,Small epiphyses of the toes,HP:0010580,Enlarged epiphyses,yes,yes,no,yes,no,yes
HP:0010170,Small epiphyses of the toes,HP:0100047,Enlarged epiphyses of the 2nd toe,yes,no,no,yes,no,no
HP:0010170,Small epiphyses of the toes,HP:0100058,Enlarged epiphyses of the 3rd toe,yes,no,no,yes,yes,no
HP:0010170,Small epiphyses of the toes,HP:0100069,Enlarged epiphyses of the 4th toe,yes,no,no,yes,yes,no
HP:0010170,Small epiphyses of the toes,HP:0100080,Enlarged epiphyses of the 5th toe,yes,no,no,yes,yes,yes
HP:0010170,Small epiphyses of the toes,HP:0100103,Enlarged epiphysis of the distal phalanx of the 2nd toe,no,no,no,yes,no,no
HP:0010170,Small epiphyses of the toes,HP:0100114,Enlarged epiphysis of the middle phalanx of the 2nd toe,yes,no,no,yes,no,no
HP:0010170,Small epiphyses of the toes,HP:0100125,Enlarged epiphysis of the proximal phalanx of the 2nd toe,no,no,no,yes,no,yes
HP:0010170,Small epiphyses of the toes,HP:0100138,Enlarged epiphysis of the distal phalanx of the 3rd toe,yes,no,no,yes,no,no
HP:0010170,Small epiphyses of the toes,HP:0100149,Enlarged epiphysis of the middle phalanx of the 3rd toe,yes,no,no,yes,no,no
HP:0010170,Small epiphyses of the toes,HP:0100160,Enlarged epiphysis of the proximal phalanx of the 3rd toe,no,no,no,yes,no,no
HP:0010170,Small epiphyses of the toes,HP:0100172,Enlarged epiphysis of the distal phalanx of the 4th toe,yes,no,no,yes,no,no
HP:0010170,Small epiphyses of the toes,HP:0100183,Enlarged epiphysis of the middle phalanx of the 4th toe,no,no,no,yes,no,no
HP:0010170,Small epiphyses of the toes,HP:0100194,Enlarged epiphysis of the proximal phalanx of the 4th toe,no,no,no,yes,no,no
HP:0010170,Small epiphyses of the toes,HP:0100205,Enlarged epiphysis of the distal phalanx of the 5th toe,no,no,no,yes,no,no
HP:0010170,Small epiphyses of the toes,HP:0100216,Enlarged epiphysis of the middle phalanx of the 5th toe,no,no,no,yes,no,no
HP:0010170,Small epiphyses of the toes,HP:0100227,Enlarged epiphysis of the proximal phalanx of the 5th toe,no,no,no,yes,no,no
HP:0010231,Enlarged epiphyses of the phalanges of the hand,HP:0010254,Small epiphyses of the distal phalanges of the hand,no,yes,no,no,yes,yes
HP:0010231,Enlarged epiphyses of the phalanges of the hand,HP:0010265,Small epiphyses of the middle phalanges of the hand,no,yes,no,yes,yes,yes
HP:0010231,Enlarged epiphyses of the phalanges of the hand,HP:0010276,Small epiphyses of the proximal phalanges of the hand,no,yes,no,yes,yes,yes
HP:0010236,Small epiphyses of the phalanges of the hand,HP:0010249,Enlarged epiphyses of the distal phalanges of the hand,yes,yes,no,yes,yes,yes
HP:0010236,Small epiphyses of the phalanges of the hand,HP:0010260,Enlarged epiphyses of the middle phalanges of the hand,no,yes,no,yes,yes,yes
HP:0010236,Small epiphyses of the phalanges of the hand,HP:0010271,Enlarged epiphyses of the proximal phalanges of the hand,no,yes,no,yes,yes,yes
HP:0010265,Small epiphyses of the middle phalanges of the hand,HP:0010271,Enlarged epiphyses of the proximal phalanges of the hand,no,yes,no,no,no,no
HP:0010471,Oligosacchariduria,HP:0410055,Decreased level of erythritol in urine,no,no,no,yes,no,no
HP:0010471,Oligosacchariduria,HP:0410060,Decreased level of D-mannose in urine,yes,no,no,yes,no,no
HP:0010569,Elevated circulating 7-dehydrocholesterol concentration,HP:0012053,Decreased circulating calcifediol concentration,no,yes,no,no,no,no
HP:0010580,Enlarged epiphyses,HP:0100052,Small epiphyses of the 2nd toe,no,no,yes,no,yes,no
HP:0010580,Enlarged epiphyses,HP:0100063,Small epiphyses of the 3rd toe,no,no,yes,no,no,no
HP:0010580,Enlarged epiphyses,HP:0100074,Small epiphyses of the 4th toe,no,no,yes,no,no,no
HP:0010580,Enlarged epiphyses,HP:0100085,Small epiphyses of the 5th toe,no,no,yes,no,no,no
HP:0010580,Enlarged epiphyses,HP:0100108,Small epiphysis of the distal phalanx of the 2nd toe,no,no,yes,no,no,yes
HP:0010580,Enlarged epiphyses,HP:0100119,Small epiphysis of the middle phalanx of the 2nd toe,no,no,yes,no,no,no
HP:0010580,Enlarged epiphyses,HP:0100130,Small epiphysis of the proximal phalanx of the 2nd toe,no,no,yes,no,no,no
HP:0010580,Enlarged epiphyses,HP:0100154,Small epiphysis of the middle phalanx of the 3rd toe,no,no,yes,no,no,no
HP:0010580,Enlarged epiphyses,HP:0100165,Small epiphysis of the proximal phalanx of the 3rd toe,no,no,yes,yes,no,no
HP:0010580,Enlarged epiphyses,HP:0100188,Small epiphysis of the middle phalanx of the 4th toe,no,no,yes,no,no,no
HP:0010580,Enlarged epiphyses,HP:0100199,Small epiphysis of the proximal phalanx of the 4th toe,no,no,yes,no,no,yes
HP:0010585,Small epiphyses,HP:0100047,Enlarged epiphyses of the 2nd toe,no,no,yes,yes,yes,no
HP:0010585,Small epiphyses,HP:0100058,Enlarged epiphyses of the 3rd toe,no,no,yes,yes,yes,no
HP:0010585,Small epiphyses,HP:0100069,Enlarged epiphyses of the 4th toe,no,no,yes,yes,no,no
HP:0010585,Small epiphyses,HP:0100080,Enlarged epiphyses of the 5th toe,yes,no,yes,yes,no,yes
HP:0010585,Small epiphyses,HP:0100103,Enlarged epiphysis of the distal phalanx of the 2nd toe,no,no,no,yes,no,no
HP:0010585,Small epiphyses,HP:0100114,Enlarged epiphysis of the middle phalanx of the 2nd toe,no,no,no,yes,no,no
HP:0010585,Small epiphyses,HP:0100125,Enlarged epiphysis of the proximal phalanx of the 2nd toe,yes,no,no,yes,no,no
HP:0010585,Small epiphyses,HP:0100138,Enlarged epiphysis of the distal phalanx of the 3rd toe,no,no,no,yes,no,no
HP:0010585,Small epiphyses,HP:0100149,Enlarged epiphysis of the middle phalanx of the 3rd toe,no,no,no,yes,no,no
HP:0010585,Small epiphyses,HP:0100160,Enlarged epiphysis of the proximal phalanx of the 3rd toe,no,no,no,yes,no,no
HP:0010585,Small epiphyses,HP:0100183,Enlarged epiphysis of the middle phalanx of the 4th toe,no,no,no,yes,no,no
HP:0010585,Small epiphyses,HP:0100194,Enlarged epiphysis of the proximal phalanx of the 4th toe,no,no,no,yes,no,no
HP:0010585,Small epiphyses,HP:0100216,Enlarged epiphysis of the middle phalanx of the 5th toe,no,no,no,yes,no,no
HP:0010585,Small epiphyses,HP:0100227,Enlarged epiphysis of the proximal phalanx of the 5th toe,no,no,no,yes,no,no
HP:0010702,Increased circulating antibody concentration,HP:0012279,Hyposerinemia,no,no,no,yes,no,yes
HP:0010702,Increased circulating antibody concentration,HP:0410245,Decreased circulating IgD concentration,no,yes,no,yes,no,no
HP:0010702,Increased circulating antibody concentration,HP:0500142,Hypolysinemia,no,yes,no,no,yes,yes
HP:0010702,Increased circulating antibody concentration,HP:0500147,Hypoglutaminemia,no,no,no,yes,no,no
HP:0010702,Increased circulating antibody concentration,HP:0500152,Hypocystinemia,no,no,no,yes,no,no
HP:0010837,Decreased circulating ceruloplasmin concentration,HP:0032254,Increased circulating copper concentration,no,yes,no,no,no,no
HP:0010896,Hypersarcosinemia,HP:0012101,Decreased serum creatinine,no,no,no,yes,no,no
HP:0010896,Hypersarcosinemia,HP:0012279,Hyposerinemia,yes,no,no,no,no,no
HP:0010897,Hypersarcosinuria,HP:0410314,Decreased urinary 1-methylhistidine,yes,no,no,yes,no,no
HP:0010897,Hypersarcosinuria,HP:0410318,Decreased urinary 3-methylhistidine,no,no,no,yes,no,no
HP:0010906,Hyperhistidinemia,HP:0034870,Reduced circulating urocanic acid concentration,yes,no,no,yes,no,no
HP:0010906,Hyperhistidinemia,HP:0500162,Decreased circulating carnosine concentration,no,yes,no,no,no,no
HP:0010910,Hypervalinemia,HP:0500143,Hypoleucinemia,no,yes,no,no,no,no
HP:0010910,Hypervalinemia,HP:0500144,Hypoisoleucinemia,no,yes,no,no,no,no
HP:0010911,Hyperleucinemia,HP:0500132,Hypovalinemia,no,yes,no,no,no,no
HP:0010911,Hyperleucinemia,HP:0500144,Hypoisoleucinemia,no,yes,no,no,no,no
HP:0010911,Hyperleucinemia,HP:0500182,Hypotaurinemia,no,no,no,yes,no,no
HP:0010913,Hyperisoleucinemia,HP:0500132,Hypovalinemia,no,yes,no,no,no,no
HP:0010913,Hyperisoleucinemia,HP:0500143,Hypoleucinemia,yes,yes,no,no,no,yes
HP:0010934,Xanthinuria,HP:0011935,Decreased urinary urate,no,yes,no,yes,no,no
HP:0010934,Xanthinuria,HP:0040426,Decreased urinary hypoxanthine level,no,yes,no,yes,no,yes
HP:0010980,Hyperlipoproteinemia,HP:0012153,Hypotriglyceridemia,no,yes,no,no,no,no
HP:0010980,Hyperlipoproteinemia,HP:0031242,Decreased circulating chylomicron concentration,yes,yes,no,no,no,no
HP:0010980,Hyperlipoproteinemia,HP:0031243,Decreased VLDL cholesterol concentration,yes,yes,no,no,no,no
HP:0010981,Hypolipoproteinemia,HP:0012238,Increased circulating chylomicron concentration,yes,no,no,yes,no,yes
HP:0011788,Increased circulating free T3,HP:0012279,Hyposerinemia,no,no,no,yes,no,no
HP:0011788,Increased circulating free T3,HP:0500133,Hypotyrosinemia,no,no,no,yes,no,no
HP:0011788,Increased circulating free T3,HP:0500136,Hypothreoninemia,no,no,no,yes,no,no
HP:0011969,Elevated circulating luteinizing hormone level,HP:0040171,Decreased serum testosterone concentration,no,yes,no,no,no,no
HP:0012026,Hyperornithinemia,HP:0500150,Hypoglutamatemia,no,no,no,yes,no,no
HP:0012030,Increased urinary cortisol level,HP:0012601,Hypochloriduria,no,no,no,yes,no,no
HP:0012053,Decreased circulating calcifediol concentration,HP:0031414,High serum calcifediol,yes,no,no,yes,yes,yes
HP:0012101,Decreased serum creatinine,HP:0500138,Hyperserinemia,no,no,no,yes,no,no
HP:0012153,Hypotriglyceridemia,HP:0012238,Increased circulating chylomicron concentration,no,no,no,no,no,yes
HP:0012153,Hypotriglyceridemia,HP:0040302,Hyperglycerolemia,no,no,no,yes,no,yes
HP:0012165,Oligodactyly,HP:0100260,Mesoaxial polydactyly,no,no,no,no,no,yes
HP:0012184,Increased HDL cholesterol concentration,HP:0012279,Hyposerinemia,no,no,no,yes,no,no
HP:0012184,Increased HDL cholesterol concentration,HP:0031243,Decreased VLDL cholesterol concentration,no,yes,no,yes,no,no
HP:0012184,Increased HDL cholesterol concentration,HP:0500142,Hypolysinemia,no,no,no,yes,no,no
HP:0012217,Increased urinary porphobilinogen,HP:0012601,Hypochloriduria,no,no,no,yes,no,no
HP:0012238,Increased circulating chylomicron concentration,HP:0045014,Hypolipidemia,yes,no,no,no,no,no
HP:0012277,Hypoglycinemia,HP:0031945,"Elevated circulating N,N-dimethylglycine concentration",no,yes,no,no,no,no
HP:0012277,Hypoglycinemia,HP:0033155,Elevated circulating L-alloisoleucine concentration,no,yes,no,no,no,no
HP:0012277,Hypoglycinemia,HP:0040302,Hyperglycerolemia,no,no,no,yes,no,yes
HP:0012279,Hyposerinemia,HP:0012416,Hypercapnia,no,no,no,no,no,yes
HP:0012279,Hyposerinemia,HP:0030088,Increased serum testosterone level,no,no,no,no,no,yes
HP:0012279,Hyposerinemia,HP:0030348,Increased circulating androgen concentration,no,no,no,no,no,yes
HP:0012279,Hyposerinemia,HP:0031414,High serum calcifediol,no,no,no,no,no,yes
HP:0012279,Hyposerinemia,HP:0031415,High serum calcitriol,no,no,no,no,no,yes
HP:0012279,Hyposerinemia,HP:0031793,Increased serum leptin,no,no,no,no,no,yes
HP:0012279,Hyposerinemia,HP:0032254,Increased circulating copper concentration,no,no,no,no,no,yes
HP:0012279,Hyposerinemia,HP:0033356,Elevated circulating o-phosphoserine concentration,yes,yes,no,yes,yes,no
HP:0012279,Hyposerinemia,HP:0040302,Hyperglycerolemia,no,no,no,yes,no,no
HP:0012279,Hyposerinemia,HP:0410171,Increased cotinine level,no,no,no,yes,no,no
HP:0012279,Hyposerinemia,HP:0500151,Hypercystinemia,no,no,no,yes,no,no
HP:0012279,Hyposerinemia,HP:0500153,Hyperargininemia,no,no,no,yes,no,no
HP:0012279,Hyposerinemia,HP:0500167,Hypergastrinemia,no,no,no,yes,no,no
HP:0012279,Hyposerinemia,HP:0500181,Hypertaurinemia,no,no,no,yes,no,no
HP:0012279,Hyposerinemia,HP:0500250,Increased circulating ethanolamine concentration,no,no,no,yes,no,no
HP:0012405,Hypocitraturia,HP:0040156,Elevated urinary carboxylic acid,no,no,no,yes,no,no
HP:0012446,Decreased CSF 5-methyltetrahydrofolate concentration,HP:0500210,Increased CSF methionine concentration,no,yes,no,no,no,no
HP:0012556,Hyperbeta-alaninemia,HP:0500150,Hypoglutamatemia,no,no,no,yes,no,no
HP:0012556,Hyperbeta-alaninemia,HP:0500154,Hypoalaninemia,no,yes,no,no,no,no
HP:0012742,Thin fingernail,HP:0040036,Onychogryphosis of fingernail,no,no,no,yes,no,yes
HP:0025457,Decreased CSF protein concentration,HP:0500239,Increased CSF albumin concentration,no,yes,no,no,no,no
HP:0030088,Increased serum testosterone level,HP:0030339,Decreased circulating gonadotropin concentration,no,yes,no,no,no,no
HP:0030088,Increased serum testosterone level,HP:0030344,Decreased circulating luteinizing hormone level,no,yes,no,no,no,no
HP:0030088,Increased serum testosterone level,HP:0030349,Decreased circulating androgen concentration,yes,yes,no,yes,yes,yes
HP:0030339,Decreased circulating gonadotropin concentration,HP:0030348,Increased circulating androgen concentration,no,yes,no,no,no,no
HP:0030348,Increased circulating androgen concentration,HP:0040171,Decreased serum testosterone concentration,yes,yes,no,yes,no,yes
HP:0030688,Increased glucagon level,HP:0031794,Decreased circulating glycerol level,no,yes,no,no,no,no
HP:0030688,Increased glucagon level,HP:0040216,Hypoinsulinemia,no,no,no,yes,no,no
HP:0031242,Decreased circulating chylomicron concentration,HP:0040302,Hyperglycerolemia,no,no,no,no,no,yes
HP:0031793,Increased serum leptin,HP:0500142,Hypolysinemia,no,no,no,no,no,yes
HP:0031793,Increased serum leptin,HP:0500143,Hypoleucinemia,no,no,no,no,no,yes
HP:0031793,Increased serum leptin,HP:0500152,Hypocystinemia,no,no,no,yes,no,no
HP:0031794,Decreased circulating glycerol level,HP:0040302,Hyperglycerolemia,yes,no,no,yes,yes,yes
HP:0031969,Reduced blood urea nitrogen,HP:0500151,Hypercystinemia,no,no,no,yes,no,no
HP:0031969,Reduced blood urea nitrogen,HP:0500153,Hyperargininemia,no,no,no,yes,no,no
HP:0032164,Increased blood folate concentration,HP:0500152,Hypocystinemia,no,no,no,yes,no,no
HP:0032362,Increased circulating corticosterone level,HP:0500152,Hypocystinemia,no,no,no,yes,no,no
HP:0032491,Increased circulating argininosuccinic acid,HP:0100493,Hypoammonemia,no,no,no,yes,no,no
HP:0032572,Abnormal urinary nucleobase concentration,HP:0040426,Decreased urinary hypoxanthine level,no,yes,no,yes,no,no
HP:0033155,Elevated circulating L-alloisoleucine concentration,HP:0500144,Hypoisoleucinemia,yes,yes,no,no,yes,no
HP:0033301,Elevated circulating 1-methylhistidine concentration,HP:0500145,Hypohistidinemia,no,yes,no,no,no,no
HP:0033301,Elevated circulating 1-methylhistidine concentration,HP:0500162,Decreased circulating carnosine concentration,no,yes,no,no,no,no
HP:0033387,Elevated circulating pyridinoline concentration,HP:0500140,Decreased circulating hydroxyproline concentration,no,yes,no,no,no,no
HP:0033417,Elevated circulating hydroxybutyric acid concentration,HP:0040216,Hypoinsulinemia,no,no,yes,no,no,no
HP:0033445,Reduced circulating acylcarnitine concentration,HP:0035030,Elevated circulating carnitine concentration,no,yes,no,no,no,no
HP:0034203,Decreased iduronate sulfatase level,HP:0410342,Increased circulating heparan sulfate level,no,yes,no,yes,no,no
HP:0034606,Elevated circulating porphyrin concentration,HP:0034869,Reduced erythrocyte free porphyrin concentration,yes,yes,no,yes,no,no
HP:0035030,Elevated circulating carnitine concentration,HP:0500142,Hypolysinemia,no,no,no,no,no,yes
HP:0040204,Elevated CSF neopterin level,HP:0040209,Decreased CSF biopterin level,no,yes,no,no,no,no
HP:0040205,Decreased CSF neopterin level,HP:0040208,Elevated CSF biopterin level,no,yes,no,no,no,no
HP:0100047,Enlarged epiphyses of the 2nd toe,HP:0100063,Small epiphyses of the 3rd toe,no,yes,no,no,no,no
HP:0100047,Enlarged epiphyses of the 2nd toe,HP:0100074,Small epiphyses of the 4th toe,no,yes,no,no,no,no
HP:0100047,Enlarged epiphyses of the 2nd toe,HP:0100085,Small epiphyses of the 5th toe,no,yes,no,no,no,no
HP:0100047,Enlarged epiphyses of the 2nd toe,HP:0100108,Small epiphysis of the distal phalanx of the 2nd toe,no,no,no,no,no,yes
HP:0100047,Enlarged epiphyses of the 2nd toe,HP:0100119,Small epiphysis of the middle phalanx of the 2nd toe,no,yes,no,no,no,no
HP:0100047,Enlarged epiphyses of the 2nd toe,HP:0100130,Small epiphysis of the proximal phalanx of the 2nd toe,no,yes,yes,no,no,no
HP:0100047,Enlarged epiphyses of the 2nd toe,HP:0100165,Small epiphysis of the proximal phalanx of the 3rd toe,no,yes,no,no,no,no
HP:0100052,Small epiphyses of the 2nd toe,HP:0100058,Enlarged epiphyses of the 3rd toe,no,no,no,yes,no,no
HP:0100052,Small epiphyses of the 2nd toe,HP:0100069,Enlarged epiphyses of the 4th toe,no,yes,no,no,no,no
HP:0100052,Small epiphyses of the 2nd toe,HP:0100080,Enlarged epiphyses of the 5th toe,no,yes,no,no,no,no
HP:0100052,Small epiphyses of the 2nd toe,HP:0100103,Enlarged epiphysis of the distal phalanx of the 2nd toe,no,no,no,yes,no,yes
HP:0100052,Small epiphyses of the 2nd toe,HP:0100114,Enlarged epiphysis of the middle phalanx of the 2nd toe,no,no,no,yes,no,no
HP:0100052,Small epiphyses of the 2nd toe,HP:0100125,Enlarged epiphysis of the proximal phalanx of the 2nd toe,no,yes,no,yes,yes,yes
HP:0100052,Small epiphyses of the 2nd toe,HP:0100138,Enlarged epiphysis of the distal phalanx of the 3rd toe,no,no,no,yes,no,no
HP:0100052,Small epiphyses of the 2nd toe,HP:0100149,Enlarged epiphysis of the middle phalanx of the 3rd toe,no,no,no,yes,no,no
HP:0100052,Small epiphyses of the 2nd toe,HP:0100160,Enlarged epiphysis of the proximal phalanx of the 3rd toe,no,no,no,yes,no,no
HP:0100052,Small epiphyses of the 2nd toe,HP:0100183,Enlarged epiphysis of the middle phalanx of the 4th toe,no,no,no,yes,no,no
HP:0100058,Enlarged epiphyses of the 3rd toe,HP:0100074,Small epiphyses of the 4th toe,no,yes,no,no,no,no
HP:0100058,Enlarged epiphyses of the 3rd toe,HP:0100085,Small epiphyses of the 5th toe,no,yes,no,no,no,no
HP:0100058,Enlarged epiphyses of the 3rd toe,HP:0100143,Small epiphysis of the distal phalanx of the 3rd toe,no,no,yes,no,no,no
HP:0100058,Enlarged epiphyses of the 3rd toe,HP:0100154,Small epiphysis of the middle phalanx of the 3rd toe,no,no,no,yes,no,no
HP:0100058,Enlarged epiphyses of the 3rd toe,HP:0100165,Small epiphysis of the proximal phalanx of the 3rd toe,no,yes,yes,no,no,yes
HP:0100058,Enlarged epiphyses of the 3rd toe,HP:0100199,Small epiphysis of the proximal phalanx of the 4th toe,no,yes,no,no,no,no
HP:0100063,Small epiphyses of the 3rd toe,HP:0100080,Enlarged epiphyses of the 5th toe,no,yes,no,no,no,no
HP:0100063,Small epiphyses of the 3rd toe,HP:0100138,Enlarged epiphysis of the distal phalanx of the 3rd toe,no,no,no,yes,no,yes
HP:0100063,Small epiphyses of the 3rd toe,HP:0100149,Enlarged epiphysis of the middle phalanx of the 3rd toe,yes,no,no,yes,yes,no
HP:0100063,Small epiphyses of the 3rd toe,HP:0100160,Enlarged epiphysis of the proximal phalanx of the 3rd toe,no,no,no,yes,yes,no
HP:0100063,Small epiphyses of the 3rd toe,HP:0100183,Enlarged epiphysis of the middle phalanx of the 4th toe,no,no,no,yes,no,no
HP:0100063,Small epiphyses of the 3rd toe,HP:0100194,Enlarged epiphysis of the proximal phalanx of the 4th toe,no,no,no,yes,no,no
HP:0100069,Enlarged epiphyses of the 4th toe,HP:0100085,Small epiphyses of the 5th toe,no,yes,no,no,no,no
HP:0100069,Enlarged epiphyses of the 4th toe,HP:0100165,Small epiphysis of the proximal phalanx of the 3rd toe,no,yes,no,no,no,no
HP:0100069,Enlarged epiphyses of the 4th toe,HP:0100177,Small epiphysis of the distal phalanx of the 4th toe,no,yes,yes,yes,no,yes
HP:0100069,Enlarged epiphyses of the 4th toe,HP:0100188,Small epiphysis of the middle phalanx of the 4th toe,no,no,no,yes,no,no
HP:0100069,Enlarged epiphyses of the 4th toe,HP:0100199,Small epiphysis of the proximal phalanx of the 4th toe,no,yes,yes,no,no,no
HP:0100074,Small epiphyses of the 4th toe,HP:0100103,Enlarged epiphysis of the distal phalanx of the 2nd toe,no,no,no,yes,no,no
HP:0100074,Small epiphyses of the 4th toe,HP:0100114,Enlarged epiphysis of the middle phalanx of the 2nd toe,no,no,no,yes,no,no
HP:0100074,Small epiphyses of the 4th toe,HP:0100125,Enlarged epiphysis of the proximal phalanx of the 2nd toe,no,no,no,yes,no,no
HP:0100074,Small epiphyses of the 4th toe,HP:0100138,Enlarged epiphysis of the distal phalanx of the 3rd toe,no,no,no,yes,no,no
HP:0100074,Small epiphyses of the 4th toe,HP:0100149,Enlarged epiphysis of the middle phalanx of the 3rd toe,no,no,no,yes,no,no
HP:0100074,Small epiphyses of the 4th toe,HP:0100160,Enlarged epiphysis of the proximal phalanx of the 3rd toe,no,no,no,yes,no,no
HP:0100074,Small epiphyses of the 4th toe,HP:0100172,Enlarged epiphysis of the distal phalanx of the 4th toe,no,yes,no,yes,no,yes
HP:0100074,Small epiphyses of the 4th toe,HP:0100183,Enlarged epiphysis of the middle phalanx of the 4th toe,no,no,no,yes,no,no
HP:0100074,Small epiphyses of the 4th toe,HP:0100194,Enlarged epiphysis of the proximal phalanx of the 4th toe,no,yes,no,yes,no,no
HP:0100080,Enlarged epiphyses of the 5th toe,HP:0100143,Small epiphysis of the distal phalanx of the 3rd toe,no,yes,no,no,no,no
HP:0100080,Enlarged epiphyses of the 5th toe,HP:0100165,Small epiphysis of the proximal phalanx of the 3rd toe,no,yes,no,no,no,no
HP:0100080,Enlarged epiphyses of the 5th toe,HP:0100210,Small epiphysis of the distal phalanx of the 5th toe,no,yes,yes,yes,no,yes
HP:0100080,Enlarged epiphyses of the 5th toe,HP:0100232,Small epiphysis of the proximal phalanx of the 5th toe,no,yes,yes,no,no,yes
HP:0100085,Small epiphyses of the 5th toe,HP:0100114,Enlarged epiphysis of the middle phalanx of the 2nd toe,no,no,no,yes,no,no
HP:0100085,Small epiphyses of the 5th toe,HP:0100138,Enlarged epiphysis of the distal phalanx of the 3rd toe,no,no,no,yes,no,no
HP:0100085,Small epiphyses of the 5th toe,HP:0100149,Enlarged epiphysis of the middle phalanx of the 3rd toe,no,no,no,yes,no,no
HP:0100085,Small epiphyses of the 5th toe,HP:0100160,Enlarged epiphysis of the proximal phalanx of the 3rd toe,no,no,no,yes,no,no
HP:0100085,Small epiphyses of the 5th toe,HP:0100205,Enlarged epiphysis of the distal phalanx of the 5th toe,no,no,yes,yes,yes,yes
HP:0100085,Small epiphyses of the 5th toe,HP:0100216,Enlarged epiphysis of the middle phalanx of the 5th toe,no,no,no,yes,no,no
HP:0100085,Small epiphyses of the 5th toe,HP:0100227,Enlarged epiphysis of the proximal phalanx of the 5th toe,no,no,no,yes,no,no
HP:0100108,Small epiphysis of the distal phalanx of the 2nd toe,HP:0100138,Enlarged epiphysis of the distal phalanx of the 3rd toe,no,no,no,yes,no,no
HP:0100827,Lymphocytosis,HP:0500142,Hypolysinemia,no,no,no,no,no,yes
HP:0410056,Decreased CSF erythritol concentration,HP:0410058,Increased CSF D-threitol concentration,no,no,no,yes,no,no
HP:0410058,Increased CSF D-threitol concentration,HP:0500198,Decreased CSF glutamine concentration,no,yes,no,no,no,no
HP:0410065,Increased level of hippuric acid in blood,HP:0500133,Hypotyrosinemia,yes,no,no,no,no,no
HP:0410065,Increased level of hippuric acid in blood,HP:0500135,Hypotryptophanemia,yes,no,no,no,no,no
HP:0410206,Increased circulating nicotinurate level,HP:0500135,Hypotryptophanemia,yes,no,no,no,no,no
HP:0410209,Folate deficiency in CSF,HP:0500210,Increased CSF methionine concentration,no,no,no,yes,no,no
HP:0410209,Folate deficiency in CSF,HP:0500233,Increased CSF alanine concentration,no,no,no,yes,no,no
HP:0500138,Hyperserinemia,HP:0500150,Hypoglutamatemia,no,no,no,yes,no,no
HP:0500139,Hypoprolinemia,HP:0500149,Hyperglutamatemia,no,no,no,yes,no,no
HP:0500139,Hypoprolinemia,HP:6000271,Elevated circulating glycylproline concentration,no,yes,no,no,no,no
HP:0500142,Hypolysinemia,HP:0500161,Increased circulating carnosine concentration,no,no,no,no,no,yes
HP:0500144,Hypoisoleucinemia,HP:6000278,Elevated circulating 2-aminoadipic acid concentration,no,no,no,yes,no,no
HP:0500147,Hypoglutaminemia,HP:0500149,Hyperglutamatemia,no,yes,no,yes,no,no
HP:0500150,Hypoglutamatemia,HP:6000278,Elevated circulating 2-aminoadipic acid concentration,no,no,no,yes,no,no
HP:0500151,Hypercystinemia,HP:0500163,Hypoornithinemia,no,yes,no,no,no,no
HP:0500153,Hyperargininemia,HP:0500163,Hypoornithinemia,no,yes,no,no,no,no
HP:0500157,Hypoasparaginemia,HP:0500159,Increased circulating aspartic acid concentration,no,yes,no,no,no,no
HP:0500167,Hypergastrinemia,HP:0500182,Hypotaurinemia,no,yes,no,no,no,no
HP:0500182,Hypotaurinemia,HP:4000095,Elevated circulating thymine concentration,no,no,no,yes,no,no
HP:0500187,Increased CSF valine concentration,HP:0500190,Decreased CSF leucine concentration,no,yes,no,no,no,no
HP:0500187,Increased CSF valine concentration,HP:0500194,Decreased CSF isoleucine concentration,no,yes,no,no,no,no
HP:0500187,Increased CSF valine concentration,HP:0500198,Decreased CSF glutamine concentration,no,yes,no,no,no,no
HP:0500187,Increased CSF valine concentration,HP:0500234,Decreased CSF alanine concentration,no,yes,no,no,no,no
HP:0500191,Increased CSF leucine concentration,HP:0500194,Decreased CSF isoleucine concentration,no,yes,no,no,no,no
HP:0500191,Increased CSF leucine concentration,HP:0500198,Decreased CSF glutamine concentration,no,yes,no,no,no,no
HP:0500191,Increased CSF leucine concentration,HP:0500234,Decreased CSF alanine concentration,no,yes,no,no,no,no
HP:0500197,Increased CSF glutamine concentration,HP:0500201,Decreased CSF glutamate concentration,no,yes,no,no,no,no
HP:0500198,Decreased CSF glutamine concentration,HP:0500200,Increased CSF glutamate concentration,no,yes,no,no,no,no
HP:0500201,Decreased CSF glutamate concentration,HP:0500248,Increased CSF alpha-aminobutyrate concentration,no,yes,no,no,no,no
HP:0500204,Decreased CSF arginine concentration,HP:0500244,Increased CSF ornithine concentration,no,yes,no,no,no,no
HP:0500207,Decreased CSF lysine concentration,HP:0500244,Increased CSF ornithine concentration,no,yes,no,no,no,no
HP:0500227,Increased CSF serine concentration,HP:0500234,Decreased CSF alanine concentration,no,yes,no,no,no,no
HP:0500228,Decreased CSF serine concentration,HP:0500230,Increased CSF glycine concentration,no,yes,no,no,no,no
